<?xml version="1.0" encoding="UTF-8"?><metadata>
    <idinfo>
        <citation>
            <citeinfo>
                <title>Primary Care Shortage Areas (PCSA)</title>
                <geoform>vector digital data</geoform>
            </citeinfo>
        </citation>
        <descript>
            <abstract>In 2004, the California Healthcare Workforce Policy Commission (Commission) adopted formal criteria for designating Primary Care Shortage Areas (PCSA) using physician counts, and demographic and poverty data.Data updated January 20, 2021.For more information, visit https://hcai.ca.gov/loans-scholarships-grants/grants/song-brown/</abstract>
            <purpose>Primary Care Shortage Areas (PCSA) approved by the California Healthcare Workforce Policy Commission.</purpose>
        </descript>
        <spdom>
            <bounding>
                <westbc>-124.409735</westbc>
                <eastbc>-114.131223</eastbc>
                <northbc>42.009522</northbc>
                <southbc>32.534162</southbc>
            </bounding>
        </spdom>
        <keywords>
            <theme>
                <themekt>None</themekt>
                <themekey>Song-Brown</themekey>
                <themekey>Unmet Need</themekey>
                <themekey>Underserved Area</themekey>
                <themekey>PCSA</themekey>
                <themekey>HCAI</themekey>
                <themekey>Primary Care Shortage Area</themekey>
                <themekey>California Health and Human Services Agency</themekey>
                <themekey>CAOpenData</themekey>
                <themekey>CalHHS</themekey>
                <themekey>California Department of Health Care Access and Information</themekey>
            </theme>
        </keywords>
        <accconst>None</accconst>
        <useconst>None</useconst>
        <native>Esri ArcGIS 10.2.2.3552</native>
    </idinfo>
    <spdoinfo>
        <direct>Vector</direct>
        <ptvctinf>
            <sdtsterm>
                <sdtstype>GT-polygon composed of chains</sdtstype>
                <ptvctcnt>542</ptvctcnt>
            </sdtsterm>
        </ptvctinf>
    </spdoinfo>
    <eainfo>
        <detailed>
            <enttyp>
                <enttypl>pcsa</enttypl>
            </enttyp>
            <attr>
                <attrlabl>FID</attrlabl>
                <attrdef>Internal feature number.</attrdef>
                <attrdefs>Esri</attrdefs>
                <attrdomv>
                                        
                    <udom>Sequential unique whole numbers that are automatically generated.</udom>
                                    
                </attrdomv>
            </attr>
            <attr>
                <attrlabl>Shape</attrlabl>
                <attrdef>Feature geometry.</attrdef>
                <attrdefs>Esri</attrdefs>
                <attrdomv>
                                        
                    <udom>Coordinates defining the features.</udom>
                                    
                </attrdomv>
            </attr>
            <attr>
                <attrlabl>OBJECTID</attrlabl>
            </attr>
            <attr>
                <attrlabl>UNIT_COUNT</attrlabl>
            </attr>
            <attr>
                <attrlabl>CNTY_FIPS</attrlabl>
            </attr>
            <attr>
                <attrlabl>COUNTY</attrlabl>
            </attr>
            <attr>
                <attrlabl>MSSA_ID</attrlabl>
            </attr>
            <attr>
                <attrlabl>MSSA_NAME</attrlabl>
            </attr>
            <attr>
                <attrlabl>DEFINITION</attrlabl>
            </attr>
            <attr>
                <attrlabl>POPDENSITY</attrlabl>
            </attr>
            <attr>
                <attrlabl>AREA_SQMI</attrlabl>
            </attr>
            <attr>
                <attrlabl>POP</attrlabl>
            </attr>
            <attr>
                <attrlabl>PCSA</attrlabl>
            </attr>
            <attr>
                <attrlabl>PCSA_SCORE</attrlabl>
            </attr>
            <attr>
                <attrlabl>PC_PHYS</attrlabl>
            </attr>
            <attr>
                <attrlabl>PC_PHYS_R_</attrlabl>
            </attr>
            <attr>
                <attrlabl>POVScore</attrlabl>
            </attr>
            <attr>
                <attrlabl>PHYSRatioS</attrlabl>
            </attr>
        </detailed>
    </eainfo>
    <metainfo>
        <metd>20220113</metd>
        <metstdn>FGDC Content Standard for Digital Geospatial Metadata</metstdn>
        <metstdv>FGDC-STD-001-1998</metstdv>
        <mettc>local time</mettc>
    </metainfo>
</metadata>
